"Luni","Pret","Variatie_procentuala","Variatie_absoluta","Curs_USD_EUR"
"Luna ianuarie 1999","12.75","5.809","0.7","1.1591"
"Luna februarie 1999","12.27","-3.765","-0.48","1.1203"
"Luna martie 1999","16.76","36.593","4.49","1.0886"
"Luna aprilie 1999","18.66","11.337","1.9","1.0701"
"Luna mai 1999","16.84","-9.753","-1.82","1.063"
"Luna iunie 1999","19.29","14.549","2.45","1.0377"
"Luna iulie 1999","20.53","6.428","1.24","1.037"
"Luna august 1999","22.11","7.696","1.58","1.0605"
"Luna septembrie 1999","24.51","10.855","2.4","1.0497"
"Luna octombrie 1999","21.75","-11.261","-2.76","1.0706"
"Luna noiembrie 1999","24.59","13.057","2.84","1.0328"
"Luna decembrie 1999","25.6","4.107","1.01","1.011"
"Luna ianuarie 2000","27.64","7.969","2.04","1.0131"
"Luna februarie 2000","30.43","10.094","2.79","0.9834"
"Luna martie 2000","26.9","-11.6","-3.53","0.9643"
"Luna aprilie 2000","25.74","-4.312","-1.16","0.9449"
"Luna mai 2000","29.01","12.704","3.27","0.9059"
"Luna iunie 2000","32.5","12.03","3.49","0.9505"
"Luna iulie 2000","27.43","-15.6","-5.07","0.9386"
"Luna august 2000","33.12","20.744","5.69","0.9045"
"Luna septembrie 2000","30.84","-6.884","-2.28","0.8695"
"Luna octombrie 2000","32.7","6.031","1.86","0.8525"
"Luna noiembrie 2000","33.82","3.425","1.12","0.8552"
"Luna decembrie 2000","26.8","-20.757","-7.02","0.8983"
"Luna ianuarie 2001","28.66","6.94","1.86","0.9376"
"Luna februarie 2001","27.39","-4.431","-1.27","0.9205"
"Luna martie 2001","26.29","-4.016","-1.1","0.9083"
"Luna aprilie 2001","28.46","8.254","2.17","0.8925"
"Luna mai 2001","28.37","-0.316","-0.09","0.8753"
"Luna iunie 2001","26.25","-7.473","-2.12","0.853"
"Luna iulie 2001","26.35","0.381","0.1","0.8615"
"Luna august 2001","27.2","3.226","0.85","0.9014"
"Luna septembrie 2001","23.43","-13.86","-3.77","0.9114"
"Luna octombrie 2001","21.18","-9.603","-2.25","0.905"
"Luna noiembrie 2001","19.44","-8.215","-1.74","0.8883"
"Luna decembrie 2001","19.84","2.058","0.4","0.8912"
"Luna ianuarie 2002","19.48","-1.815","-0.36","0.8832"
"Luna februarie 2002","21.74","11.602","2.26","0.8707"
"Luna martie 2002","26.31","21.021","4.57","0.8766"
"Luna aprilie 2002","27.29","3.725","0.98","0.886"
"Luna mai 2002","25.31","-7.255","-1.98","0.917"
"Luna iunie 2002","26.86","6.124","1.55","0.9561"
"Luna iulie 2002","27.02","0.596","0.16","0.9935"
"Luna august 2002","28.98","7.254","1.96","0.9781"
"Luna septembrie 2002","30.45","5.072","1.47","0.9806"
"Luna octombrie 2002","27.22","-10.608","-3.23","0.9812"
"Luna noiembrie 2002","26.89","-1.212","-0.33","1.0013"
"Luna decembrie 2002","31.2","16.028","4.31","1.0194"
"Luna ianuarie 2003","33.51","7.404","2.31","1.0622"
"Luna februarie 2003","36.6","9.221","3.09","1.0785"
"Luna martie 2003","31.04","-15.191","-5.56","1.0797"
"Luna aprilie 2003","25.8","-16.881","-5.24","1.0862"
"Luna mai 2003","29.56","14.574","3.76","1.1556"
"Luna iunie 2003","30.19","2.131","0.63","1.1674"
"Luna iulie 2003","30.54","1.159","0.35","1.1365"
"Luna august 2003","31.57","3.373","1.03","1.1155"
"Luna septembrie 2003","29.2","-7.507","-2.37","1.1267"
"Luna octombrie 2003","29.11","-0.308","-0.09","1.1714"
"Luna noiembrie 2003","30.41","4.466","1.3","1.171"
"Luna decembrie 2003","32.52","6.939","2.11","1.2298"
"Luna ianuarie 2004","33.05","1.63","0.53","1.2638"
"Luna februarie 2004","36.16","9.41","3.11","1.264"
"Luna martie 2004","35.76","-1.106","-0.4","1.2261"
"Luna aprilie 2004","37.38","4.53","1.62","1.1989"
"Luna mai 2004","39.88","6.688","2.5","1.2"
"Luna iunie 2004","37.05","-7.096","-2.83","1.2146"
"Luna iulie 2004","43.8","18.219","6.75","1.2266"
"Luna august 2004","42.12","-3.836","-1.68","1.2191"
"Luna septembrie 2004","49.64","17.854","7.52","1.2224"
"Luna octombrie 2004","51.76","4.271","2.12","1.2507"
"Luna noiembrie 2004","49.13","-5.081","-2.63","1.2997"
"Luna decembrie 2004","43.45","-11.561","-5.68","1.3406"
"Luna ianuarie 2005","48.2","10.932","4.75","1.3123"
"Luna februarie 2005","51.75","7.365","3.55","1.3013"
"Luna martie 2005","55.4","7.053","3.65","1.3185"
"Luna aprilie 2005","49.72","-10.253","-5.68","1.2943"
"Luna mai 2005","51.97","4.525","2.25","1.2697"
"Luna iunie 2005","56.5","8.717","4.53","1.2155"
"Luna iulie 2005","60.57","7.204","4.07","1.2041"
"Luna august 2005","68.94","13.819","8.37","1.2295"
"Luna septembrie 2005","66.24","-3.916","-2.7","1.2234"
"Luna octombrie 2005","59.76","-9.783","-6.48","1.2022"
"Luna noiembrie 2005","57.32","-4.083","-2.44","1.1789"
"Luna decembrie 2005","61.04","6.49","3.72","1.1861"
"Luna ianuarie 2006","67.92","11.271","6.88","1.2126"
"Luna februarie 2006","61.41","-9.585","-6.51","1.194"
"Luna martie 2006","66.63","8.5","5.22","1.2028"
"Luna aprilie 2006","71.88","7.879","5.25","1.2273"
"Luna mai 2006","71.29","-0.821","-0.59","1.2767"
"Luna iunie 2006","73.93","3.703","2.64","1.2661"
"Luna iulie 2006","74.4","0.636","0.47","1.2681"
"Luna august 2006","70.26","-5.565","-4.14","1.281"
"Luna septembrie 2006","62.91","-10.461","-7.35","1.2722"
"Luna octombrie 2006","58.73","-6.644","-4.18","1.2617"
"Luna noiembrie 2006","63.13","7.492","4.4","1.2888"
"Luna decembrie 2006","61.05","-3.295","-2.08","1.3205"
"Luna ianuarie 2007","58.14","-4.767","-2.91","1.2993"
"Luna februarie 2007","61.79","6.278","3.65","1.308"
"Luna martie 2007","65.87","6.603","4.08","1.3246"
"Luna aprilie 2007","65.71","-0.243","-0.16","1.3513"
"Luna mai 2007","64.01","-2.587","-1.7","1.3518"
"Luna iunie 2007","70.68","10.42","6.67","1.3421"
"Luna iulie 2007","78.21","10.654","7.53","1.3726"
"Luna august 2007","74.04","-5.332","-4.17","1.3626"
"Luna septembrie 2007","81.66","10.292","7.62","1.391"
"Luna octombrie 2007","94.53","15.76","12.87","1.4233"
"Luna noiembrie 2007","88.71","-6.157","-5.82","1.4683"
"Luna decembrie 2007","95.98","8.195","7.27","1.4559"
"Luna ianuarie 2008","91.75","-4.407","-4.23","1.4728"
"Luna februarie 2008","101.84","10.997","10.09","1.4759"
"Luna martie 2008","101.58","-0.255","-0.26","1.552"
"Luna aprilie 2008","113.46","11.695","11.88","1.5754"
"Luna mai 2008","127.35","12.242","13.89","1.5554"
"Luna iunie 2008","140","9.933","12.65","1.5562"
"Luna iulie 2008","124.08","-11.371","-15.92","1.5759"
"Luna august 2008","115.46","-6.947","-8.62","1.4955"
"Luna septembrie 2008","100.64","-12.836","-14.82","1.4342"
"Luna octombrie 2008","67.81","-32.621","-32.83","1.3266"
"Luna noiembrie 2008","54.43","-19.732","-13.38","1.2744"
"Luna decembrie 2008","44.6","-18.06","-9.83","1.3511"
"Luna ianuarie 2009","41.68","-6.547","-2.92","1.3244"
"Luna februarie 2009","44.76","7.39","3.08","1.2797"
"Luna martie 2009","49.66","10.947","4.9","1.305"
"Luna aprilie 2009","51.12","2.94","1.46","1.3199"
"Luna mai 2009","66.31","29.714","15.19","1.3646"
"Luna iunie 2009","69.89","5.399","3.58","1.4014"
"Luna iulie 2009","69.45","-0.63","-0.44","1.4092"
"Luna august 2009","69.96","0.734","0.51","1.4266"
"Luna septembrie 2009","70.61","0.929","0.65","1.4575"
"Luna octombrie 2009","77","9.05","6.39","1.4821"
"Luna noiembrie 2009","77.28","0.364","0.28","1.4908"
"Luna decembrie 2009","79.36","2.692","2.08","1.4579"
"Luna ianuarie 2010","72.89","-8.153","-6.47","1.4266"
"Luna februarie 2010","79.66","9.288","6.77","1.368"
"Luna martie 2010","83.76","5.147","4.1","1.357"
"Luna aprilie 2010","86.15","2.853","2.39","1.3417"
"Luna mai 2010","73.97","-14.138","-12.18","1.2563"
"Luna iunie 2010","75.63","2.244","1.66","1.2223"
"Luna iulie 2010","78.95","4.39","3.32","1.2811"
"Luna august 2010","71.92","-8.904","-7.03","1.2903"
"Luna septembrie 2010","79.97","11.193","8.05","1.3103"
"Luna octombrie 2010","81.43","1.826","1.46","1.3901"
"Luna noiembrie 2010","84.11","3.291","2.68","1.3654"
"Luna decembrie 2010","91.38","8.643","7.27","1.3221"
"Luna ianuarie 2011","92.19","0.886","0.81","1.3371"
"Luna februarie 2011","96.97","5.185","4.78","1.3656"
"Luna martie 2011","106.72","10.055","9.75","1.402"
"Luna aprilie 2011","113.93","6.756","7.21","1.446"
"Luna mai 2011","102.7","-9.857","-11.23","1.4335"
"Luna iunie 2011","95.42","-7.089","-7.28","1.4403"
"Luna iulie 2011","95.7","0.293","0.28","1.4275"
"Luna august 2011","88.81","-7.2","-6.89","1.4333"
"Luna septembrie 2011","79.2","-10.821","-9.61","1.3747"
"Luna octombrie 2011","93.19","17.664","13.99","1.3732"
"Luna noiembrie 2011","100.36","7.694","7.17","1.3558"
"Luna decembrie 2011","98.83","-1.525","-1.53","1.3155"
"Luna ianuarie 2012","98.48","-0.354","-0.35","1.291"
"Luna februarie 2012","107.07","8.723","8.59","1.3238"
"Luna martie 2012","103.02","-3.783","-4.05","1.3207"
"Luna aprilie 2012","104.87","1.796","1.85","1.316"
"Luna mai 2012","86.53","-17.488","-18.34","1.2806"
"Luna iunie 2012","84.96","-1.814","-1.57","1.2541"
"Luna iulie 2012","88.06","3.649","3.1","1.2278"
"Luna august 2012","96.47","9.55","8.41","1.2406"
"Luna septembrie 2012","92.19","-4.437","-4.28","1.2885"
"Luna octombrie 2012","86.24","-6.454","-5.95","1.2974"
"Luna noiembrie 2012","88.91","3.096","2.67","1.2837"
"Luna decembrie 2012","91.82","3.273","2.91","1.3119"
"Luna ianuarie 2013","97.49","6.175","5.67","1.3304"
"Luna februarie 2013","92.05","-5.58","-5.44","1.3347"
"Luna martie 2013","97.23","5.627","5.18","1.2953"
"Luna aprilie 2013","93.46","-3.877","-3.77","1.3025"
"Luna mai 2013","91.97","-1.594","-1.49","1.2983"
"Luna iunie 2013","96.56","4.991","4.59","1.3197"
"Luna iulie 2013","105.03","8.772","8.47","1.3088"
"Luna august 2013","107.65","2.495","2.62","1.3314"
"Luna septembrie 2013","102.33","-4.942","-5.32","1.3364"
"Luna octombrie 2013","96.38","-5.815","-5.95","1.3646"
"Luna noiembrie 2013","92.72","-3.797","-3.66","1.3491"
"Luna decembrie 2013","98.42","6.148","5.7","1.3708"
"Luna ianuarie 2014","97.49","-0.945","-0.93","1.3618"
"Luna februarie 2014","102.59","5.231","5.1","1.3665"
"Luna martie 2014","101.58","-0.985","-1.01","1.3828"
"Luna aprilie 2014","99.74","-1.811","-1.84","1.381"
"Luna mai 2014","102.71","2.978","2.97","1.3739"
"Luna iunie 2014","105.37","2.59","2.66","1.3595"
"Luna iulie 2014","98.17","-6.833","-7.2","1.3533"
"Luna august 2014","95.96","-2.251","-2.21","1.3315"
"Luna septembrie 2014","91.16","-5.002","-4.8","1.2889"
"Luna octombrie 2014","80.54","-11.65","-10.62","1.2677"
"Luna noiembrie 2014","66.15","-17.867","-14.39","1.2472"
"Luna decembrie 2014","53.27","-19.471","-12.88","1.2329"
"Luna ianuarie 2015","48.24","-9.442","-5.03","1.1615"
"Luna februarie 2015","49.76","3.151","1.52","1.135"
"Luna martie 2015","47.6","-4.341","-2.16","1.0819"
"Luna aprilie 2015","59.63","25.273","12.03","1.0822"
"Luna mai 2015","60.3","1.124","0.67","1.1167"
"Luna iunie 2015","59.47","-1.376","-0.83","1.1226"
"Luna iulie 2015","47.12","-20.767","-12.35","1.0997"
"Luna august 2015","49.2","4.414","2.08","1.1136"
"Luna septembrie 2015","45.09","-8.354","-4.11","1.1229"
"Luna octombrie 2015","46.59","3.327","1.5","1.1228"
"Luna noiembrie 2015","41.65","-10.603","-4.94","1.0727"
"Luna decembrie 2015","37.04","-11.068","-4.61","1.0889"
"Luna ianuarie 2016","33.62","-9.233","-3.42","1.0855"
"Luna februarie 2016","33.75","0.387","0.13","1.1092"
"Luna martie 2016","38.34","13.6","4.59","1.1134"
"Luna aprilie 2016","45.92","19.77","7.58","1.1346"
"Luna mai 2016","49.1","6.925","3.18","1.1312"
"Luna iunie 2016","48.33","-1.568","-0.77","1.1232"
"Luna iulie 2016","41.6","-13.925","-6.73","1.1055"
"Luna august 2016","44.7","7.452","3.1","1.1207"
"Luna septembrie 2016","48.24","7.919","3.54","1.1218"
"Luna octombrie 2016","46.86","-2.861","-1.38","1.1014"
"Luna noiembrie 2016","49.44","5.506","2.58","1.0792"
"Luna decembrie 2016","53.72","8.657","4.28","1.0545"
"Luna ianuarie 2017","52.81","-1.694","-0.91","1.0635"
"Luna februarie 2017","54.01","2.272","1.2","1.065"
"Luna martie 2017","50.6","-6.314","-3.41","1.0691"
"Luna aprilie 2017","49.21","-2.747","-1.39","1.0714"
"Luna mai 2017","48.32","-1.809","-0.89","1.105"
"Luna iunie 2017","46.04","-4.719","-2.28","1.1233"
"Luna iulie 2017","50.17","8.97","4.13","1.153"
"Luna august 2017","47.23","-5.86","-2.94","1.1813"
"Luna septembrie 2017","51.67","9.401","4.44","1.1913"
"Luna octombrie 2017","54.38","5.245","2.71","1.1755"
"Luna noiembrie 2017","57.4","5.554","3.02","1.1743"
"Luna decembrie 2017","60.42","5.261","3.02","1.1836"
"Luna ianuarie 2018","64.73","7.133","4.31","1.2197"
"Luna februarie 2018","61.64","-4.774","-3.09","1.234"
"Luna martie 2018","64.94","5.354","3.3","1.2334"
"Luna aprilie 2018","68.57","5.59","3.63","1.227"
"Luna mai 2018","67.04","-2.231","-1.53","1.1823"
"Luna iunie 2018","74.15","10.606","7.11","1.1679"
"Luna iulie 2018","68.76","-7.269","-5.39","1.1685"
"Luna august 2018","69.9977","1.8","1.2377","1.1547"
"Luna septembrie 2018","73.5992","5.145","3.6015","1.1667"
"Luna octombrie 2018","65.31","-11.263","-8.2892","1.1488"
"Luna noiembrie 2018","50.93","-22.018","-14.38","1.1364"
"Luna decembrie 2018","45.41","-10.838","-5.52","1.138"
"Luna ianuarie 2019","53.79","18.454","8.38","1.1418"
"Luna februarie 2019","57.22","6.377","3.43","1.1349"
"Luna martie 2019","60.14","5.103","2.92","1.1296"
"Luna aprilie 2019","63.91","6.269","3.77","1.1234"
"Luna mai 2019","53.5","-16.289","-10.41","1.1187"
"Luna iunie 2019","59.4601","11.14","5.9601","1.1295"
"Luna iulie 2019","58.58","-1.48","-0.8801","1.1211"
"Luna august 2019","55.1","-5.941","-3.48","1.1129"
"Luna septembrie 2019","54.07","-1.869","-1.03","1.1011"
"Luna octombrie 2019","54.18","0.203","0.11","1.1058"
"Luna noiembrie 2019","55.4872","2.413","1.3072","1.1051"
"Luna decembrie 2019","60.7556","9.495","5.2684","1.1114"
"Luna ianuarie 2020","51.56","-15.135","-9.1956","1.1098"
"Luna februarie 2020","44.76","-13.189","-6.8","1.0911"
"Luna martie 2020","20.48","-54.245","-24.28","1.1046"
"Luna aprilie 2020","18.84","-8.008","-1.64","1.0871"
"Luna mai 2020","35.49","88.376","16.65","1.0907"
"Luna iunie 2020","39.27","10.651","3.78","1.1259"
"Luna iulie 2020","40.27","2.546","1","1.1488"
"Luna august 2020","42.61","5.811","2.34","1.1831"
"Luna septembrie 2020","40.22","-5.609","-2.39","1.1785"
"Luna octombrie 2020","35.79","-11.014","-4.43","1.1768"
"Luna noiembrie 2020","45.34","26.683","9.55","1.1826"
"Luna decembrie 2020","48.52","7.014","3.18","1.2168"
"Luna ianuarie 2021","52.2","7.585","3.68","1.2178"
"Luna februarie 2021","61.5","17.816","9.3","1.2094"
"Luna martie 2021","59.16","-3.805","-2.34","1.1902"
"Luna aprilie 2021","63.58","7.471","4.42","1.1965"
"Luna mai 2021","66.93","5.269","3.35","1.2146"
"Luna iunie 2021","73.47","9.771","6.54","1.2048"
"Luna iulie 2021","73.95","0.653","0.48","1.1821"
"Luna august 2021","68.5","-7.37","-5.45","1.1767"
"Luna septembrie 2021","75.03","9.533","6.53","1.1765"
"Luna octombrie 2021","81.78","8.996","6.75","1.16"
"Luna noiembrie 2021","65.85","-19.479","-15.93","1.1416"
"Luna decembrie 2021","74.88","13.713","9.03","1.1301"
"Luna ianuarie 2022","86.49","15.505","11.61","1.1317"
"Luna februarie 2022","93.5","8.105","7.01","1.1349"
"Luna martie 2022","98.52","5.369","5.02","1.1019"
"Luna aprilie 2022","102.94","4.486","4.42","1.0803"
"Luna mai 2022","111.91","8.714","8.97","1.0567"
"Luna iunie 2022","103.1","-7.872","-8.81","1.0567"
"Luna iulie 2022","96.75","-6.159","-6.35","1.0168"
"Luna august 2022","89.03","-7.979","-7.72","1.0129"
"Luna septembrie 2022","78.72","-11.58","-10.31","0.9899"
"Luna octombrie 2022","85.4","8.486","6.68","0.9853"
"Luna noiembrie 2022","80.66","-5.55","-4.74","1.0192"
"Luna decembrie 2022","80.45","-0.26","-0.21","1.0591"
"Luna ianuarie 2023","79.17","-1.591","-1.28","1.0777"
"Luna februarie 2023","77.19","-2.501","-1.98","1.0702"
"Luna martie 2023","75.8","-1.801","-1.39","1.0711"
"Luna aprilie 2023","76.78","1.293","0.98","1.0962"
"Luna mai 2023","68.24","-11.123","-8.54","1.0867"
"Luna iunie 2023","70.78","3.722","2.54","1.084"
"Luna iulie 2023","81.32","14.891","10.54","1.1067"
"Luna august 2023","82.96","2.017","1.64","1.091"
"Luna septembrie 2023","88.8","7.04","5.84","1.0672"
"Luna octombrie 2023","80.5","-9.347","-8.3","1.0565"
"Luna noiembrie 2023","76.05","-5.528","-4.45","1.0819"
"Luna decembrie 2023","71.65","-5.786","-4.4","1.0909"
"Luna ianuarie 2024","75.71","5.666","4.06","1.0899"
"Luna februarie 2024","77.45","2.298","1.74","1.0793"
"Luna martie 2024","83.1235","7.325","5.6735","1.087"
"Luna aprilie 2024","81.93","-1.436","-1.1935","1.0724"
"Luna mai 2024","76.99","-6.03","-4.94","1.081"
"Luna iunie 2024","81.54","5.91","4.55","1.0763"
"Luna iulie 2024","77.91","-4.452","-3.63","1.0847"
"Luna august 2024","73.55","-5.596","-4.36","1.102"
"Luna septembrie 2024","68.17","-7.315","-5.38","1.1104"
"Luna octombrie 2024","69.26","1.599","1.09","1.0894"
"Luna noiembrie 2024","68.63","-0.91","-0.63","1.0621"
"Luna decembrie 2024","71.72","4.502","3.09","1.0472"
"Luna ianuarie 2025","72.53","1.129","0.81","1.0356"
"Luna februarie 2025","69.76","-3.819","-2.77","1.0413"
"Luna martie 2025","71.48","2.466","1.72","1.0813"
"Luna aprilie 2025","58.21","-18.565","-13.27","1.1232"
"Luna mai 2025","60.79","4.432","2.58","1.1274"
"Luna iunie 2025","65.11","7.106","4.32","1.1534"
"Luna iulie 2025","69.26","6.374","4.15","1.1671"
"Luna august 2025","64.01","-7.58","-5.25","1.1647"
"Luna septembrie 2025","62.37","-2.562","-1.64","1.1739"
"Luna octombrie 2025","60.98","-2.229","-1.39","1.1641"
"Luna noiembrie 2025","58.55","-3.985","-2.43","1.1558"
"Luna decembrie 2025","57.42","-1.93","-1.13","1.171"
"Luna ianuarie 2026","65.21","13.567","7.79","1.1744"
"Luna februarie 2026","67.02","2.776","1.81","1.1824"
"Luna martie 2026","101.38","51.268","34.36","1.1557"
"Luna aprilie 2026","105.07","3.64","3.69","1.1697"
"Luna mai 2026","99.2041","-5.583","-5.8659","1.1725"
